object_kind	proposed_name	purpose	implementation_status
table	data_recommendation_adapter_run_v1	adapter execution and logical identity evidence	IMPLEMENTED
table	data_recommendation_adapter_output_v1	successful shadow mapping evidence	IMPLEMENTED
table	data_recommendation_adapter_failure_v1	stable mapping failure evidence	IMPLEMENTED
table	data_recommendation_adapter_conflict_observation_v1	append-only conflict observations	IMPLEMENTED
table	data_recommendation_adapter_duplicate_counter_v1	bounded duplicate aggregate counter	IMPLEMENTED
function	persist_recommendation_adapter_shadow_evidence_v1	atomic NEW DUPLICATE CONFLICT persistence	IMPLEMENTED
function	data_recommendation_adapter_logical_identity_hash_v1	deterministic logical identity hash	IMPLEMENTED
view	data_recommendation_adapter_safe_metrics_v1	privacy-safe aggregate metrics	IMPLEMENTED
sql_range	35..37	SC allocated persistence range	IMPLEMENTED
